[
    {
        "id": "2tegqehn",
        "name": "Post Title 1",
        "content": "This is the content of post 1.",
        "author": {
            "name": "Oscar",
            "user_id": "xvcxvctg",
            "email": "etkxp@example.com"
        },
        "comments": [
            {
                "name": "Kara",
                "comment": "Could you elaborate?"
            }
        ]
    },
    {
        "id": "72e2ymgp",
        "name": "Post Title 2",
        "content": "This is the content of post 2.",
        "author": {
            "name": "Hannah",
            "user_id": "zjbepmuc",
            "email": "xdj0w@example.com"
        },
        "comments": [
            {
                "name": "Alice",
                "comment": "I have a question."
            },
            {
                "name": "Charlie",
                "comment": "This helped me a lot."
            },
            {
                "name": "Eve",
                "comment": "Good read."
            }
        ]
    },
    {
        "id": "sl0i5oga",
        "name": "Post Title 3",
        "content": "This is the content of post 3.",
        "author": {
            "name": "Tina",
            "user_id": "1k0i8ys6",
            "email": "2zlbf@example.com"
        },
        "comments": [
            {
                "name": "Grace",
                "comment": "Thanks for sharing!"
            },
            {
                "name": "Charlie",
                "comment": "I have a question."
            }
        ]
    },
    {
        "id": "z5sifscs",
        "name": "Post Title 4",
        "content": "This is the content of post 4.",
        "author": {
            "name": "Bob",
            "user_id": "g6scbqkv",
            "email": "xo7d1@example.com"
        },
        "comments": [
            {
                "name": "Ivy",
                "comment": "This helped me a lot."
            },
            {
                "name": "David",
                "comment": "This is insightful."
            },
            {
                "name": "Ruby",
                "comment": "I don't understand."
            },
            {
                "name": "Mona",
                "comment": "Great post!"
            },
            {
                "name": "Nick",
                "comment": "Thanks for sharing!"
            }
        ]
    },
    {
        "id": "ohzrd2rp",
        "name": "Post Title 5",
        "content": "This is the content of post 5.",
        "author": {
            "name": "Paul",
            "user_id": "ryaesocz",
            "email": "kfqeu@example.com"
        },
        "comments": [
            {
                "name": "Leo",
                "comment": "Thanks for sharing!"
            },
            {
                "name": "Eve",
                "comment": "I have a question."
            },
            {
                "name": "David",
                "comment": "Good read."
            },
            {
                "name": "David",
                "comment": "Interesting point of view."
            },
            {
                "name": "Nick",
                "comment": "I don't understand."
            }
        ]
    },
    {
        "id": "l7k95jn8",
        "name": "Post Title 6",
        "content": "This is the content of post 6.",
        "author": {
            "name": "Eve",
            "user_id": "kpazsb74",
            "email": "k8omw@example.com"
        },
        "comments": [
            {
                "name": "Grace",
                "comment": "This helped me a lot."
            }
        ]
    },
    {
        "id": "epwzatb9",
        "name": "Post Title 7",
        "content": "This is the content of post 7.",
        "author": {
            "name": "Ruby",
            "user_id": "ec0ir4l4",
            "email": "xo9a5@example.com"
        },
        "comments": [
            {
                "name": "Eve",
                "comment": "I disagree with this."
            }
        ]
    },
    {
        "id": "j3f4lo1p",
        "name": "Post Title 8",
        "content": "This is the content of post 8.",
        "author": {
            "name": "Quinn",
            "user_id": "jjyrpscr",
            "email": "h7ft0@example.com"
        },
        "comments": [
            {
                "name": "Grace",
                "comment": "This helped me a lot."
            },
            {
                "name": "Grace",
                "comment": "I don't understand."
            },
            {
                "name": "Jack",
                "comment": "This helped me a lot."
            },
            {
                "name": "Mona",
                "comment": "This is insightful."
            },
            {
                "name": "Jack",
                "comment": "Great post!"
            }
        ]
    },
    {
        "id": "lyevmmuv",
        "name": "Post Title 9",
        "content": "This is the content of post 9.",
        "author": {
            "name": "Quinn",
            "user_id": "4l841kwp",
            "email": "xwlzw@example.com"
        },
        "comments": [
            {
                "name": "Ruby",
                "comment": "I disagree with this."
            },
            {
                "name": "Tina",
                "comment": "I don't understand."
            }
        ]
    },
    {
        "id": "ujjin3p2",
        "name": "Post Title 10",
        "content": "This is the content of post 10.",
        "author": {
            "name": "Ivy",
            "user_id": "ibyj8asj",
            "email": "zz4se@example.com"
        },
        "comments": [
            {
                "name": "Eve",
                "comment": "Thanks for sharing!"
            },
            {
                "name": "Eve",
                "comment": "This is insightful."
            },
            {
                "name": "Charlie",
                "comment": "I have a question."
            }
        ]
    },
    {
        "id": "job29iew",
        "name": "Post Title 11",
        "content": "This is the content of post 11.",
        "author": {
            "name": "Alice",
            "user_id": "jajh05nt",
            "email": "bhncb@example.com"
        },
        "comments": [
            {
                "name": "Charlie",
                "comment": "This helped me a lot."
            },
            {
                "name": "Jack",
                "comment": "Great post!"
            },
            {
                "name": "Hannah",
                "comment": "I don't understand."
            },
            {
                "name": "Grace",
                "comment": "I don't understand."
            },
            {
                "name": "Alice",
                "comment": "This is insightful."
            }
        ]
    },
    {
        "id": "bf1lr20b",
        "name": "Post Title 12",
        "content": "This is the content of post 12.",
        "author": {
            "name": "Nick",
            "user_id": "p1xubi6f",
            "email": "g24th@example.com"
        },
        "comments": [
            {
                "name": "Grace",
                "comment": "Could you elaborate?"
            },
            {
                "name": "Grace",
                "comment": "I have a question."
            },
            {
                "name": "Hannah",
                "comment": "I have a question."
            },
            {
                "name": "Eve",
                "comment": "I have a question."
            },
            {
                "name": "Nick",
                "comment": "Interesting point of view."
            }
        ]
    },
    {
        "id": "qudcv38g",
        "name": "Post Title 13",
        "content": "This is the content of post 13.",
        "author": {
            "name": "Jack",
            "user_id": "970s1g9r",
            "email": "w17zc@example.com"
        },
        "comments": [
            {
                "name": "Nick",
                "comment": "Great post!"
            },
            {
                "name": "Kara",
                "comment": "I have a question."
            },
            {
                "name": "David",
                "comment": "I don't understand."
            },
            {
                "name": "Sam",
                "comment": "I have a question."
            }
        ]
    },
    {
        "id": "zk37mtsz",
        "name": "Post Title 14",
        "content": "This is the content of post 14.",
        "author": {
            "name": "Eve",
            "user_id": "wqj42mpq",
            "email": "86szp@example.com"
        },
        "comments": [
            {
                "name": "Charlie",
                "comment": "I disagree with this."
            },
            {
                "name": "Kara",
                "comment": "Could you elaborate?"
            },
            {
                "name": "Sam",
                "comment": "I have a question."
            },
            {
                "name": "Jack",
                "comment": "I disagree with this."
            }
        ]
    },
    {
        "id": "d9e978oc",
        "name": "Post Title 15",
        "content": "This is the content of post 15.",
        "author": {
            "name": "Tina",
            "user_id": "80k78pfn",
            "email": "5y3ug@example.com"
        },
        "comments": [
            {
                "name": "Eve",
                "comment": "I don't understand."
            },
            {
                "name": "Kara",
                "comment": "Good read."
            }
        ]
    },
    {
        "id": "9lqh834b",
        "name": "Post Title 16",
        "content": "This is the content of post 16.",
        "author": {
            "name": "Alice",
            "user_id": "4jpsqgjn",
            "email": "qj71q@example.com"
        },
        "comments": [
            {
                "name": "Eve",
                "comment": "Good read."
            },
            {
                "name": "David",
                "comment": "I don't understand."
            },
            {
                "name": "Charlie",
                "comment": "I don't understand."
            }
        ]
    },
    {
        "id": "71fhe03y",
        "name": "Post Title 17",
        "content": "This is the content of post 17.",
        "author": {
            "name": "Sam",
            "user_id": "m2xh4e24",
            "email": "0bpql@example.com"
        },
        "comments": [
            {
                "name": "Grace",
                "comment": "This is insightful."
            },
            {
                "name": "Kara",
                "comment": "I disagree with this."
            },
            {
                "name": "Leo",
                "comment": "I disagree with this."
            },
            {
                "name": "Sam",
                "comment": "This helped me a lot."
            }
        ]
    },
    {
        "id": "dbrflkhz",
        "name": "Post Title 18",
        "content": "This is the content of post 18.",
        "author": {
            "name": "Tina",
            "user_id": "04vxpx1l",
            "email": "yp6ub@example.com"
        },
        "comments": [
            {
                "name": "Tina",
                "comment": "Could you elaborate?"
            },
            {
                "name": "Ruby",
                "comment": "Great post!"
            },
            {
                "name": "Sam",
                "comment": "Thanks for sharing!"
            },
            {
                "name": "Alice",
                "comment": "This helped me a lot."
            }
        ]
    },
    {
        "id": "wrw0pj68",
        "name": "Post Title 19",
        "content": "This is the content of post 19.",
        "author": {
            "name": "Bob",
            "user_id": "ncvyspyw",
            "email": "m9rqy@example.com"
        },
        "comments": [
            {
                "name": "Oscar",
                "comment": "Thanks for sharing!"
            },
            {
                "name": "Ruby",
                "comment": "This is insightful."
            },
            {
                "name": "Alice",
                "comment": "I have a question."
            }
        ]
    },
    {
        "id": "2b62j84d",
        "name": "Post Title 20",
        "content": "This is the content of post 20.",
        "author": {
            "name": "Ivy",
            "user_id": "lg9eb70d",
            "email": "ua7kg@example.com"
        },
        "comments": [
            {
                "name": "Kara",
                "comment": "I have a question."
            },
            {
                "name": "Jack",
                "comment": "Interesting point of view."
            },
            {
                "name": "Mona",
                "comment": "Thanks for sharing!"
            },
            {
                "name": "Paul",
                "comment": "Good read."
            }
        ]
    }
]